U,tprime,dm,
0.0,0.1,2.711198106e-07,
0.0,0.11034482758620691,6.555376811e-07,
0.0,0.1206896551724138,6.557896132e-07,
0.0,0.1310344827586207,6.557897783e-07,
0.0,0.1413793103448276,6.557897784e-07,
0.0,0.1517241379310345,6.557897784e-07,
0.0,0.1620689655172414,6.557897784e-07,
0.0,0.1724137931034483,6.557897784e-07,
0.0,0.1827586206896552,6.557897784e-07,
0.0,0.1931034482758621,6.557897784e-07,
0.0,0.20344827586206898,6.557897784e-07,
0.0,0.2137931034482759,6.557897784e-07,
0.0,0.2241379310344828,6.557897784e-07,
0.0,0.23448275862068968,6.557897784e-07,
0.0,0.24482758620689657,6.557897784e-07,
0.0,0.2551724137931035,6.557897784e-07,
0.0,0.2655172413793104,6.557897784e-07,
0.0,0.27586206896551724,6.557897784e-07,
0.0,0.28620689655172415,6.557897784e-07,
0.0,0.29655172413793107,6.557897784e-07,
0.0,0.306896551724138,6.557897784e-07,
0.0,0.3172413793103449,6.557897784e-07,
0.0,0.32758620689655177,6.557897784e-07,
0.0,0.33793103448275863,6.557897784e-07,
0.0,0.34827586206896555,6.557897784e-07,
0.0,0.35862068965517246,6.557897784e-07,
0.0,0.3689655172413794,6.557897784e-07,
0.0,0.3793103448275863,6.557897784e-07,
0.0,0.3896551724137931,6.557897784e-07,
0.0,0.4,6.557897784e-07,
0.1724137931034483,0.1,1.73944643012e-05,
0.1724137931034483,0.11034482758620691,4.311710048e-07,
0.1724137931034483,0.1206896551724138,4.038659992e-07,
0.1724137931034483,0.1310344827586207,2.3769042032e-05,
0.1724137931034483,0.1413793103448276,4.357391546e-07,
0.1724137931034483,0.1517241379310345,7.910985e-07,
0.1724137931034483,0.1620689655172414,7.616027936e-07,
0.1724137931034483,0.1724137931034483,1.86658812231e-05,
0.1724137931034483,0.1827586206896552,5.50083373936e-05,
0.1724137931034483,0.1931034482758621,1.98269023584e-05,
0.1724137931034483,0.20344827586206898,6.9942763e-07,
0.1724137931034483,0.2137931034482759,6.724330069e-07,
0.1724137931034483,0.2241379310344828,6.567191872e-07,
0.1724137931034483,0.23448275862068968,4.93342325518e-05,
0.1724137931034483,0.24482758620689657,3.41335101899e-05,
0.1724137931034483,0.2551724137931035,2.60148390803e-05,
0.1724137931034483,0.2655172413793104,5.17104735e-07,
0.1724137931034483,0.27586206896551724,6.01290734e-07,
0.1724137931034483,0.28620689655172415,5.917054936e-07,
0.1724137931034483,0.29655172413793107,1.85906214935e-05,
0.1724137931034483,0.306896551724138,2.3447505855e-06,
0.1724137931034483,0.3172413793103449,5.1271641045e-06,
0.1724137931034483,0.32758620689655177,5.3640520833e-05,
0.1724137931034483,0.33793103448275863,5.823695033e-07,
0.1724137931034483,0.34827586206896555,5.458444861e-07,
0.1724137931034483,0.35862068965517246,5.403577237e-07,
0.1724137931034483,0.3689655172413794,5.33517026e-07,
0.1724137931034483,0.3793103448275863,1.32227546658e-05,
0.1724137931034483,0.3896551724137931,5.691159076e-07,
0.1724137931034483,0.4,1.77963919581e-05,
0.3448275862068966,0.1,1.96313367385e-05,
0.3448275862068966,0.11034482758620691,7.650083226e-07,
0.3448275862068966,0.1206896551724138,6.829539393e-07,
0.3448275862068966,0.1310344827586207,2.61614139554e-05,
0.3448275862068966,0.1413793103448276,7.019877277e-07,
0.3448275862068966,0.1517241379310345,5.382400663e-07,
0.3448275862068966,0.1620689655172414,9.882741662e-07,
0.3448275862068966,0.1724137931034483,2.06087400503e-05,
0.3448275862068966,0.1827586206896552,6.03212483026e-05,
0.3448275862068966,0.1931034482758621,2.17191878298e-05,
0.3448275862068966,0.20344827586206898,8.189592935e-07,
0.3448275862068966,0.2137931034482759,7.697868829e-07,
0.3448275862068966,0.2241379310344828,7.33822996e-07,
0.3448275862068966,0.23448275862068968,5.33692341158e-05,
0.3448275862068966,0.24482758620689657,3.69139267401e-05,
0.3448275862068966,0.2551724137931035,2.80160627329e-05,
0.3448275862068966,0.2655172413793104,5.835877937e-07,
0.3448275862068966,0.27586206896551724,6.450859226e-07,
0.3448275862068966,0.28620689655172415,5.935270263e-07,
0.3448275862068966,0.29655172413793107,1.99006339769e-05,
0.3448275862068966,0.306896551724138,2.4760221608e-06,
0.3448275862068966,0.3172413793103449,5.4143776158e-06,
0.3448275862068966,0.32758620689655177,5.71302008525e-05,
0.3448275862068966,0.33793103448275863,5.458687594e-07,
0.3448275862068966,0.34827586206896555,5.028941001e-07,
0.3448275862068966,0.35862068965517246,4.925420132e-07,
0.3448275862068966,0.3689655172413794,4.917308849e-07,
0.3448275862068966,0.3793103448275863,1.37748855276e-05,
0.3448275862068966,0.3896551724137931,5.221880831e-07,
0.3448275862068966,0.4,1.87404899683e-05,
0.5172413793103449,0.1,7.40739941651e-05,
0.5172413793103449,0.11034482758620691,9.00128845e-07,
0.5172413793103449,0.1206896551724138,1.2584860421e-06,
0.5172413793103449,0.1310344827586207,2.99062626694e-05,
0.5172413793103449,0.1413793103448276,7.731306952e-07,
0.5172413793103449,0.1517241379310345,8.852577366e-07,
0.5172413793103449,0.1620689655172414,7.813122535e-07,
0.5172413793103449,0.1724137931034483,2.25204816301e-05,
0.5172413793103449,0.1827586206896552,6.62808407512e-05,
0.5172413793103449,0.1931034482758621,2.41030960503e-05,
0.5172413793103449,0.20344827586206898,1.0597711822e-06,
0.5172413793103449,0.2137931034482759,9.732793388e-07,
0.5172413793103449,0.2241379310344828,9.052299728e-07,
0.5172413793103449,0.23448275862068968,5.81922695472e-05,
0.5172413793103449,0.24482758620689657,4.03010468779e-05,
0.5172413793103449,0.2551724137931035,3.04210901491e-05,
0.5172413793103449,0.2655172413793104,9.7688135981e-05,
0.5172413793103449,0.27586206896551724,8.527359423e-07,
0.5172413793103449,0.28620689655172415,6.55418628e-07,
0.5172413793103449,0.29655172413793107,2.14167206094e-05,
0.5172413793103449,0.306896551724138,2.7013524254e-06,
0.5172413793103449,0.3172413793103449,5.7992848605e-06,
0.5172413793103449,0.32758620689655177,6.11676947972e-05,
0.5172413793103449,0.33793103448275863,5.619150105e-07,
0.5172413793103449,0.34827586206896555,5.082877556e-07,
0.5172413793103449,0.35862068965517246,9.838761094e-07,
0.5172413793103449,0.3689655172413794,9.708322863e-07,
0.5172413793103449,0.3793103448275863,1.4823565453e-05,
0.5172413793103449,0.3896551724137931,5.272850703e-07,
0.5172413793103449,0.4,2.03602216793e-05,
0.6896551724137931,0.1,8.75631126977e-05,
0.6896551724137931,0.11034482758620691,1.3407588659e-06,
0.6896551724137931,0.1206896551724138,1.0823979619e-06,
0.6896551724137931,0.1310344827586207,3.43802717271e-05,
0.6896551724137931,0.1413793103448276,1.3134132158e-06,
0.6896551724137931,0.1517241379310345,9.627684657e-07,
0.6896551724137931,0.1620689655172414,1.3399593281e-06,
0.6896551724137931,0.1724137931034483,2.56345703826e-05,
0.6896551724137931,0.1827586206896552,7.43951653017e-05,
0.6896551724137931,0.1931034482758621,2.64962373899e-05,
0.6896551724137931,0.20344827586206898,8.714607726e-07,
0.6896551724137931,0.2137931034482759,1.3462996484e-06,
0.6896551724137931,0.2241379310344828,1.3068887711e-06,
0.6896551724137931,0.23448275862068968,6.40488823264e-05,
0.6896551724137931,0.24482758620689657,4.38440667013e-05,
0.6896551724137931,0.2551724137931035,3.33481198409e-05,
0.6896551724137931,0.2655172413793104,0.00010651484923,
0.6896551724137931,0.27586206896551724,1.1626447454e-06,
0.6896551724137931,0.28620689655172415,8.5606503e-07,
0.6896551724137931,0.29655172413793107,2.33329153544e-05,
0.6896551724137931,0.306896551724138,2.9676126846e-06,
0.6896551724137931,0.3172413793103449,6.2963362235e-06,
0.6896551724137931,0.32758620689655177,6.63650776014e-05,
0.6896551724137931,0.33793103448275863,6.307672974e-07,
0.6896551724137931,0.34827586206896555,1.0441064151e-06,
0.6896551724137931,0.35862068965517246,1.0036699876e-06,
0.6896551724137931,0.3689655172413794,1.0141001464e-06,
0.6896551724137931,0.3793103448275863,1.59248184478e-05,
0.6896551724137931,0.3896551724137931,1.0953034319e-06,
0.6896551724137931,0.4,2.17000708231e-05,
0.8620689655172414,0.1,0.0001074007265544,
0.8620689655172414,0.11034482758620691,1.793065804e-06,
0.8620689655172414,0.1206896551724138,2.0904284404e-06,
0.8620689655172414,0.1310344827586207,4.07902964412e-05,
0.8620689655172414,0.1413793103448276,1.7659282492e-06,
0.8620689655172414,0.1517241379310345,1.3316602946e-06,
0.8620689655172414,0.1620689655172414,1.6163365945e-06,
0.8620689655172414,0.1724137931034483,2.92676325859e-05,
0.8620689655172414,0.1827586206896552,8.42834090908e-05,
0.8620689655172414,0.1931034482758621,2.98560525582e-05,
0.8620689655172414,0.20344827586206898,1.4471096093e-06,
0.8620689655172414,0.2137931034482759,1.2563646746e-06,
0.8620689655172414,0.2241379310344828,1.1719730982e-06,
0.8620689655172414,0.23448275862068968,7.1316191983e-05,
0.8620689655172414,0.24482758620689657,4.86128913975e-05,
0.8620689655172414,0.2551724137931035,3.69879668745e-05,
0.8620689655172414,0.2655172413793104,0.0001171678617841,
0.8620689655172414,0.27586206896551724,1.0853842931e-06,
0.8620689655172414,0.28620689655172415,1.1131343359e-06,
0.8620689655172414,0.29655172413793107,2.5748021058e-05,
0.8620689655172414,0.306896551724138,3.4371886835e-06,
0.8620689655172414,0.3172413793103449,6.9397507319e-06,
0.8620689655172414,0.32758620689655177,7.19230117353e-05,
0.8620689655172414,0.33793103448275863,1.3381206884e-06,
0.8620689655172414,0.34827586206896555,1.1697042409e-06,
0.8620689655172414,0.35862068965517246,1.1111372935e-06,
0.8620689655172414,0.3689655172413794,1.1558127195e-06,
0.8620689655172414,0.3793103448275863,6.56485246766e-05,
0.8620689655172414,0.3896551724137931,8.189386915e-07,
0.8620689655172414,0.4,2.32547154421e-05,
1.0344827586206897,0.1,0.0001380446060022,
1.0344827586206897,0.11034482758620691,2.9999646364e-06,
1.0344827586206897,0.1206896551724138,2.3380733219e-06,
1.0344827586206897,0.1310344827586207,4.89697014826e-05,
1.0344827586206897,0.1413793103448276,8.1441335651e-06,
1.0344827586206897,0.1517241379310345,2.3005528029e-06,
1.0344827586206897,0.1620689655172414,1.7053733132e-06,
1.0344827586206897,0.1724137931034483,3.43451214026e-05,
1.0344827586206897,0.1827586206896552,9.70575560336e-05,
1.0344827586206897,0.1931034482758621,3.44308417476e-05,
1.0344827586206897,0.20344827586206898,1.733055097e-06,
1.0344827586206897,0.2137931034482759,1.5532364435e-06,
1.0344827586206897,0.2241379310344828,1.4120946893e-06,
1.0344827586206897,0.23448275862068968,7.97840620119e-05,
1.0344827586206897,0.24482758620689657,5.4643975548e-05,
1.0344827586206897,0.2551724137931035,4.10655269627e-05,
1.0344827586206897,0.2655172413793104,0.0001302913733657,
1.0344827586206897,0.27586206896551724,1.2396082069e-06,
1.0344827586206897,0.28620689655172415,1.0854836158e-06,
1.0344827586206897,0.29655172413793107,2.81453724096e-05,
1.0344827586206897,0.306896551724138,4.1779588552e-06,
1.0344827586206897,0.3172413793103449,7.7921347334e-06,
1.0344827586206897,0.32758620689655177,7.8590791707e-05,
1.0344827586206897,0.33793103448275863,1.0034451066e-06,
1.0344827586206897,0.34827586206896555,1.5067396202e-06,
1.0344827586206897,0.35862068965517246,1.3278877225e-06,
1.0344827586206897,0.3689655172413794,9.873879202e-07,
1.0344827586206897,0.3793103448275863,0.0001463003400501,
1.0344827586206897,0.3896551724137931,1.3167114417e-06,
1.0344827586206897,0.4,2.52925266841e-05,
1.206896551724138,0.1,0.0005368454799708,
1.206896551724138,0.11034482758620691,4.4491246988e-06,
1.206896551724138,0.1206896551724138,3.5173007945e-06,
1.206896551724138,0.1310344827586207,6.29296091736e-05,
1.206896551724138,0.1413793103448276,1.06945240351e-05,
1.206896551724138,0.1517241379310345,2.8238269159e-06,
1.206896551724138,0.1620689655172414,2.6449545538e-06,
1.206896551724138,0.1724137931034483,4.1269184494e-05,
1.206896551724138,0.1827586206896552,0.0001153074239464,
1.206896551724138,0.1931034482758621,4.03627518511e-05,
1.206896551724138,0.20344827586206898,1.8112374416e-06,
1.206896551724138,0.2137931034482759,2.1722535384e-06,
1.206896551724138,0.2241379310344828,2.074481384e-06,
1.206896551724138,0.23448275862068968,9.09154510504e-05,
1.206896551724138,0.24482758620689657,0.00013216426302,
1.206896551724138,0.2551724137931035,4.65254227964e-05,
1.206896551724138,0.2655172413793104,0.0001460622741929,
1.206896551724138,0.27586206896551724,1.8542662697e-06,
1.206896551724138,0.28620689655172415,1.7142883884e-06,
1.206896551724138,0.29655172413793107,3.13048656873e-05,
1.206896551724138,0.306896551724138,4.4776861932e-06,
1.206896551724138,0.3172413793103449,8.9639452094e-06,
1.206896551724138,0.32758620689655177,8.60120694217e-05,
1.206896551724138,0.33793103448275863,1.4076994326e-06,
1.206896551724138,0.34827586206896555,1.2433248052e-06,
1.206896551724138,0.35862068965517246,1.7028561928e-06,
1.206896551724138,0.3689655172413794,1.3597452315e-06,
1.206896551724138,0.3793103448275863,0.000159100014483,
1.206896551724138,0.3896551724137931,1.0370014515e-06,
1.206896551724138,0.4,2.71447383764e-05,
1.3793103448275863,0.1,0.0009891581161816,
1.3793103448275863,0.11034482758620691,6.9729772793e-06,
1.3793103448275863,0.1206896551724138,5.7841734436e-06,
1.3793103448275863,0.1310344827586207,8.5243697531e-05,
1.3793103448275863,0.1413793103448276,1.43981930044e-05,
1.3793103448275863,0.1517241379310345,3.7358742256e-06,
1.3793103448275863,0.1620689655172414,3.4158913266e-06,
1.3793103448275863,0.1724137931034483,5.10476246355e-05,
1.3793103448275863,0.1827586206896552,0.0001402807255537,
1.3793103448275863,0.1931034482758621,4.92021522744e-05,
1.3793103448275863,0.20344827586206898,2.5699968128e-06,
1.3793103448275863,0.2137931034482759,2.9511473777e-06,
1.3793103448275863,0.2241379310344828,2.6848703374e-06,
1.3793103448275863,0.23448275862068968,0.0001060147811705,
1.3793103448275863,0.24482758620689657,0.0001529880694595,
1.3793103448275863,0.2551724137931035,5.32158810671e-05,
1.3793103448275863,0.2655172413793104,0.0001667045593894,
1.3793103448275863,0.27586206896551724,2.1810860518e-06,
1.3793103448275863,0.28620689655172415,2.2592537643e-06,
1.3793103448275863,0.29655172413793107,3.52218354502e-05,
1.3793103448275863,0.306896551724138,5.4126533797e-06,
1.3793103448275863,0.3172413793103449,9.9611405547e-06,
1.3793103448275863,0.32758620689655177,9.59805474482e-05,
1.3793103448275863,0.33793103448275863,1.4279227236e-06,
1.3793103448275863,0.34827586206896555,1.9633317122e-06,
1.3793103448275863,0.35862068965517246,1.5597377446e-06,
1.3793103448275863,0.3689655172413794,1.5573795978e-06,
1.3793103448275863,0.3793103448275863,0.0001745328878826,
1.3793103448275863,0.3896551724137931,3.4065984737e-06,
1.3793103448275863,0.4,2.95193808907e-05,
1.5517241379310347,0.1,0.1214878592435111,
1.5517241379310347,0.11034482758620691,0.1084762510244813,
1.5517241379310347,0.1206896551724138,0.0006586255106908,
1.5517241379310347,0.1310344827586207,0.0015391758950514,
1.5517241379310347,0.1413793103448276,2.16420404307e-05,
1.5517241379310347,0.1517241379310345,6.2658230704e-06,
1.5517241379310347,0.1620689655172414,5.1172449062e-06,
1.5517241379310347,0.1724137931034483,6.73517246522e-05,
1.5517241379310347,0.1827586206896552,0.0002731090415793,
1.5517241379310347,0.1931034482758621,6.16000780334e-05,
1.5517241379310347,0.20344827586206898,3.8965501721e-06,
1.5517241379310347,0.2137931034482759,3.3576152098e-06,
1.5517241379310347,0.2241379310344828,3.1082700493e-06,
1.5517241379310347,0.23448275862068968,0.0001257916304613,
1.5517241379310347,0.24482758620689657,0.0001802133916485,
1.5517241379310347,0.2551724137931035,6.24592246293e-05,
1.5517241379310347,0.2655172413793104,0.0001934693688859,
1.5517241379310347,0.27586206896551724,2.2459693713e-06,
1.5517241379310347,0.28620689655172415,2.2620560226e-06,
1.5517241379310347,0.29655172413793107,4.04910043225e-05,
1.5517241379310347,0.306896551724138,6.1881183083e-06,
1.5517241379310347,0.3172413793103449,1.14379362171e-05,
1.5517241379310347,0.32758620689655177,0.0001078699856517,
1.5517241379310347,0.33793103448275863,2.3945543309e-06,
1.5517241379310347,0.34827586206896555,1.728042583e-06,
1.5517241379310347,0.35862068965517246,1.6755511562e-06,
1.5517241379310347,0.3689655172413794,2.2105475683e-06,
1.5517241379310347,0.3793103448275863,0.0001926549569108,
1.5517241379310347,0.3896551724137931,3.6229026845e-06,
1.5517241379310347,0.4,3.30403015127e-05,
1.7241379310344829,0.1,0.1613078225223841,
1.7241379310344829,0.11034482758620691,0.1609518430996867,
1.7241379310344829,0.1206896551724138,0.1494064449155344,
1.7241379310344829,0.1310344827586207,0.1356744612199948,
1.7241379310344829,0.1413793103448276,0.1234861459228989,
1.7241379310344829,0.1517241379310345,1.10351757415e-05,
1.7241379310344829,0.1620689655172414,8.4960964896e-06,
1.7241379310344829,0.1724137931034483,9.71751878817e-05,
1.7241379310344829,0.1827586206896552,0.0007322810133048,
1.7241379310344829,0.1931034482758621,8.2924096224e-05,
1.7241379310344829,0.20344827586206898,5.4552710692e-06,
1.7241379310344829,0.2137931034482759,5.0880936392e-06,
1.7241379310344829,0.2241379310344828,4.7613178403e-06,
1.7241379310344829,0.23448275862068968,0.0001560813138721,
1.7241379310344829,0.24482758620689657,0.0002202616893194,
1.7241379310344829,0.2551724137931035,7.55007980292e-05,
1.7241379310344829,0.2655172413793104,0.0002310581904438,
1.7241379310344829,0.27586206896551724,3.3206883498e-06,
1.7241379310344829,0.28620689655172415,3.1347268882e-06,
1.7241379310344829,0.29655172413793107,0.0002052802375805,
1.7241379310344829,0.306896551724138,7.27845237e-06,
1.7241379310344829,0.3172413793103449,1.31242517687e-05,
1.7241379310344829,0.32758620689655177,0.0001234815673632,
1.7241379310344829,0.33793103448275863,2.3658393702e-06,
1.7241379310344829,0.34827586206896555,2.4936555473e-06,
1.7241379310344829,0.35862068965517246,2.0932954983e-06,
1.7241379310344829,0.3689655172413794,2.1053301791e-06,
1.7241379310344829,0.3793103448275863,0.0002152966709419,
1.7241379310344829,0.3896551724137931,4.2921099992e-06,
1.7241379310344829,0.4,3.6446516752e-05,
1.896551724137931,0.1,0.1819375324209276,
1.896551724137931,0.11034482758620691,0.1816757744419661,
1.896551724137931,0.1206896551724138,0.1813808946551424,
1.896551724137931,0.1310344827586207,0.1810565757168168,
1.896551724137931,0.1413793103448276,0.1807019538346224,
1.896551724137931,0.1517241379310345,0.164033115035754,
1.896551724137931,0.1620689655172414,0.1508480890928265,
1.896551724137931,0.1724137931034483,0.1391023851155647,
1.896551724137931,0.1827586206896552,0.0019436816646436,
1.896551724137931,0.1931034482758621,0.0010744828502457,
1.896551724137931,0.20344827586206898,8.3422479742e-06,
1.896551724137931,0.2137931034482759,7.1969237809e-06,
1.896551724137931,0.2241379310344828,6.0852910426e-06,
1.896551724137931,0.23448275862068968,0.0002049692903453,
1.896551724137931,0.24482758620689657,0.0002830199737413,
1.896551724137931,0.2551724137931035,9.4912789957e-05,
1.896551724137931,0.2655172413793104,0.0002867930158863,
1.896551724137931,0.27586206896551724,0.0004189657679786,
1.896551724137931,0.28620689655172415,3.94145697e-06,
1.896551724137931,0.29655172413793107,0.0002458632122268,
1.896551724137931,0.306896551724138,8.9242025312e-06,
1.896551724137931,0.3172413793103449,1.59122475232e-05,
1.896551724137931,0.32758620689655177,0.0001439864590748,
1.896551724137931,0.33793103448275863,3.0284570755e-06,
1.896551724137931,0.34827586206896555,3.3066170333e-06,
1.896551724137931,0.35862068965517246,3.0106332838e-06,
1.896551724137931,0.3689655172413794,2.5002716644e-06,
1.896551724137931,0.3793103448275863,0.0002438083109519,
1.896551724137931,0.3896551724137931,5.5206470133e-06,
1.896551724137931,0.4,4.09256684165e-05,
2.0689655172413794,0.1,0.2013956703223419,
2.0689655172413794,0.11034482758620691,0.201197489749631,
2.0689655172413794,0.1206896551724138,0.2009737346807802,
2.0689655172413794,0.1310344827586207,0.2007283278148043,
2.0689655172413794,0.1413793103448276,0.2004608307975642,
2.0689655172413794,0.1517241379310345,0.2001707452190363,
2.0689655172413794,0.1620689655172414,0.1998567699217056,
2.0689655172413794,0.1724137931034483,0.1984350517558343,
2.0689655172413794,0.1827586206896552,0.1825036490607366,
2.0689655172413794,0.1931034482758621,0.1678124533432798,
2.0689655172413794,0.20344827586206898,0.1566675101985515,
2.0689655172413794,0.2137931034482759,0.0097152609661191,
2.0689655172413794,0.2241379310344828,0.0019356249679977,
2.0689655172413794,0.23448275862068968,0.0002962042950061,
2.0689655172413794,0.24482758620689657,0.0009209917565617,
2.0689655172413794,0.2551724137931035,0.0007226819102582,
2.0689655172413794,0.2655172413793104,0.0007507573972252,
2.0689655172413794,0.27586206896551724,0.0005380307900136,
2.0689655172413794,0.28620689655172415,5.800909381e-06,
2.0689655172413794,0.29655172413793107,0.0003052772110664,
2.0689655172413794,0.306896551724138,7.33041415249e-05,
2.0689655172413794,0.3172413793103449,1.98058676282e-05,
2.0689655172413794,0.32758620689655177,0.0001718139674057,
2.0689655172413794,0.33793103448275863,3.8644373263e-06,
2.0689655172413794,0.34827586206896555,3.4559570906e-06,
2.0689655172413794,0.35862068965517246,3.9592461411e-06,
2.0689655172413794,0.3689655172413794,0.0005203349647787,
2.0689655172413794,0.3793103448275863,0.0002817231189864,
2.0689655172413794,0.3896551724137931,6.0128438954e-06,
2.0689655172413794,0.4,0.0002367220624653,
2.241379310344828,0.1,0.2196632189442042,
2.241379310344828,0.11034482758620691,0.2195100977451647,
2.241379310344828,0.1206896551724138,0.2193361865774495,
2.241379310344828,0.1310344827586207,0.2191457730381293,
2.241379310344828,0.1413793103448276,0.2189379012124986,
2.241379310344828,0.1517241379310345,0.2187137041360314,
2.241379310344828,0.1620689655172414,0.218472182700674,
2.241379310344828,0.1724137931034483,0.2182130009490321,
2.241379310344828,0.1827586206896552,0.2179357914437508,
2.241379310344828,0.1931034482758621,0.2176401517786635,
2.241379310344828,0.20344827586206898,0.2152334980685721,
2.241379310344828,0.2137931034482759,0.1992928970635119,
2.241379310344828,0.2241379310344828,0.1877749201702469,
2.241379310344828,0.23448275862068968,0.1747364872715769,
2.241379310344828,0.24482758620689657,0.1649176662320299,
2.241379310344828,0.2551724137931035,0.0068899688936264,
2.241379310344828,0.2655172413793104,0.0010924310125918,
2.241379310344828,0.27586206896551724,0.0007514802549859,
2.241379310344828,0.28620689655172415,0.0014636878399528,
2.241379310344828,0.29655172413793107,0.0004024636843383,
2.241379310344828,0.306896551724138,9.52934989012e-05,
2.241379310344828,0.3172413793103449,2.49498211151e-05,
2.241379310344828,0.32758620689655177,0.0002145518829478,
2.241379310344828,0.33793103448275863,4.9116543779e-06,
2.241379310344828,0.34827586206896555,4.9096737619e-06,
2.241379310344828,0.35862068965517246,4.4692229816e-06,
2.241379310344828,0.3689655172413794,0.000619288078571,
2.241379310344828,0.3793103448275863,0.0004590153497639,
2.241379310344828,0.3896551724137931,7.5986477356e-06,
2.241379310344828,0.4,0.0002936383124082,
2.413793103448276,0.1,0.2367528648232941,
2.413793103448276,0.11034482758620691,0.2366313202206934,
2.413793103448276,0.1206896551724138,0.2364935794922753,
2.413793103448276,0.1310344827586207,0.2363429417882195,
2.413793103448276,0.1413793103448276,0.2361792632398949,
2.413793103448276,0.1517241379310345,0.236002379910618,
2.413793103448276,0.1620689655172414,0.2358121121736307,
2.413793103448276,0.1724137931034483,0.2356082639111124,
2.413793103448276,0.1827586206896552,0.2353906216085608,
2.413793103448276,0.1931034482758621,0.235158953341616,
2.413793103448276,0.20344827586206898,0.2349130076430713,
2.413793103448276,0.2137931034482759,0.2346525122358466,
2.413793103448276,0.2241379310344828,0.2343771726153681,
2.413793103448276,0.23448275862068968,0.234086670462061,
2.413793103448276,0.24482758620689657,0.2184241843912406,
2.413793103448276,0.2551724137931035,0.2057430199022204,
2.413793103448276,0.2655172413793104,0.1945558717718442,
2.413793103448276,0.27586206896551724,0.183871431950493,
2.413793103448276,0.28620689655172415,0.1745553457602982,
2.413793103448276,0.29655172413793107,0.0031627492696279,
2.413793103448276,0.306896551724138,0.0024410594602758,
2.413793103448276,0.3172413793103449,3.45681903302e-05,
2.413793103448276,0.32758620689655177,0.0002845723833625,
2.413793103448276,0.33793103448275863,6.9142040873e-06,
2.413793103448276,0.34827586206896555,0.0006459979741714,
2.413793103448276,0.35862068965517246,5.893233305e-06,
2.413793103448276,0.3689655172413794,0.0009444292352993,
2.413793103448276,0.3793103448275863,0.0005598227175412,
2.413793103448276,0.3896551724137931,9.5601813622e-06,
2.413793103448276,0.4,0.0005784506890312,
2.586206896551724,0.1,0.2526977342694499,
2.586206896551724,0.11034482758620691,0.2526006422984604,
2.586206896551724,0.1206896551724138,0.2524898978076076,
2.586206896551724,0.1310344827586207,0.2523688766159842,
2.586206896551724,0.1413793103448276,0.2522374910308477,
2.586206896551724,0.1517241379310345,0.2520956385973031,
2.586206896551724,0.1620689655172414,0.2519432075233827,
2.586206896551724,0.1724137931034483,0.2517800763147555,
2.586206896551724,0.1827586206896552,0.2516061133591962,
2.586206896551724,0.1931034482758621,0.2514211764669626,
2.586206896551724,0.20344827586206898,0.251225112363078,
2.586206896551724,0.2137931034482759,0.2510170614119652,
2.586206896551724,0.2241379310344828,0.2507982194664528,
2.586206896551724,0.23448275862068968,0.250567718045955,
2.586206896551724,0.24482758620689657,0.2503253523904099,
2.586206896551724,0.2551724137931035,0.2500709040722744,
2.586206896551724,0.2655172413793104,0.2498041392119461,
2.586206896551724,0.27586206896551724,0.2385331315135511,
2.586206896551724,0.28620689655172415,0.2253971342632933,
2.586206896551724,0.29655172413793107,0.214673974154695,
2.586206896551724,0.306896551724138,0.2035291019368809,
2.586206896551724,0.3172413793103449,0.1932550645457358,
2.586206896551724,0.32758620689655177,0.1844249434062136,
2.586206896551724,0.33793103448275863,0.0177331494577175,
2.586206896551724,0.34827586206896555,0.0008868791860521,
2.586206896551724,0.35862068965517246,0.001925376956229,
2.586206896551724,0.3689655172413794,0.0014154425711189,
2.586206896551724,0.3793103448275863,0.0007174639984161,
2.586206896551724,0.3896551724137931,1.25480815057e-05,
2.586206896551724,0.4,0.0007195431777714,
2.7586206896551726,0.1,0.2675471967294286,
2.7586206896551726,0.11034482758620691,0.2674681368723805,
2.7586206896551726,0.1206896551724138,0.2673779561817004,
2.7586206896551726,0.1310344827586207,0.2672794633094857,
2.7586206896551726,0.1413793103448276,0.2671726009480728,
2.7586206896551726,0.1517241379310345,0.2670573023426824,
2.7586206896551726,0.1620689655172414,0.266933494871359,
2.7586206896551726,0.1724137931034483,0.2668010998618592,
2.7586206896551726,0.1827586206896552,0.2666600323847873,
2.7586206896551726,0.1931034482758621,0.2665102010265916,
2.7586206896551726,0.20344827586206898,0.2663515076409375,
2.7586206896551726,0.2137931034482759,0.2661838470767911,
2.7586206896551726,0.2241379310344828,0.2660071068813369,
2.7586206896551726,0.23448275862068968,0.2658211669756383,
2.7586206896551726,0.24482758620689657,0.2656258993006849,
2.7586206896551726,0.2551724137931035,0.2654211674311883,
2.7586206896551726,0.2655172413793104,0.2652068261541605,
2.7586206896551726,0.27586206896551724,0.2649827210089366,
2.7586206896551726,0.28620689655172415,0.2647486877848861,
2.7586206896551726,0.29655172413793107,0.2645045519725694,
2.7586206896551726,0.306896551724138,0.259281283623763,
2.7586206896551726,0.3172413793103449,0.2456907770697094,
2.7586206896551726,0.32758620689655177,0.2339521211587902,
2.7586206896551726,0.33793103448275863,0.2223403242037399,
2.7586206896551726,0.34827586206896555,0.2124223708672601,
2.7586206896551726,0.35862068965517246,0.2031925670420062,
2.7586206896551726,0.3689655172413794,0.1942713154019456,
2.7586206896551726,0.3793103448275863,0.1869247558369643,
2.7586206896551726,0.3896551724137931,0.0098523760478101,
2.7586206896551726,0.4,0.0023908157514108,
2.931034482758621,0.1,0.2813582431866367,
2.931034482758621,0.11034482758620691,0.2812943990486422,
2.931034482758621,0.1206896551724138,0.2812201793734855,
2.931034482758621,0.1310344827586207,0.2811391492634039,
2.931034482758621,0.1413793103448276,0.2810512730929008,
2.931034482758621,0.1517241379310345,0.2809565058974008,
2.931034482758621,0.1620689655172414,0.2808547988584909,
2.931034482758621,0.1724137931034483,0.2807460992123039,
2.931034482758621,0.1827586206896552,0.2806303501397767,
2.931034482758621,0.1931034482758621,0.2805074906469013,
2.931034482758621,0.20344827586206898,0.2803774554343701,
2.931034482758621,0.2137931034482759,0.2802401747559456,
2.931034482758621,0.2241379310344828,0.2800955742647965,
2.931034482758621,0.23448275862068968,0.2799435748469737,
2.931034482758621,0.24482758620689657,0.2797840924411023,
2.931034482758621,0.2551724137931035,0.2796170378432727,
2.931034482758621,0.2655172413793104,0.2794416422824212,
2.931034482758621,0.27586206896551724,0.2792591418424766,
2.931034482758621,0.28620689655172415,0.2790687687836374,
2.931034482758621,0.29655172413793107,0.2788704102358042,
2.931034482758621,0.306896551724138,0.2786639477184173,
2.931034482758621,0.3172413793103449,0.2784492560525701,
2.931034482758621,0.32758620689655177,0.2782262030214678,
2.931034482758621,0.33793103448275863,0.2779946490035199,
2.931034482758621,0.34827586206896555,0.2646040787048292,
2.931034482758621,0.35862068965517246,0.2529358579466791,
2.931034482758621,0.3689655172413794,0.2413772059187136,
2.931034482758621,0.3793103448275863,0.2313267083891063,
2.931034482758621,0.3896551724137931,0.2226329418184695,
2.931034482758621,0.4,0.2130619770500817,
3.1034482758620694,0.1,0.2941944914008323,
3.1034482758620694,0.11034482758620691,0.2941415460574607,
3.1034482758620694,0.1206896551724138,0.2940798815936266,
3.1034482758620694,0.1310344827586207,0.2940125807930635,
3.1034482758620694,0.1413793103448276,0.2939396189299753,
3.1034482758620694,0.1517241379310345,0.293860964841,
3.1034482758620694,0.1620689655172414,0.2937765847466254,
3.1034482758620694,0.1724137931034483,0.2936864421996943,
3.1034482758620694,0.1827586206896552,0.2935904980239991,
3.1034482758620694,0.1931034482758621,0.293488710247565,
3.1034482758620694,0.20344827586206898,0.2933810340303539,
3.1034482758620694,0.2137931034482759,0.2932674215860926,
3.1034482758620694,0.2241379310344828,0.2931478220978975,
3.1034482758620694,0.23448275862068968,0.2930221816273314,
3.1034482758620694,0.24482758620689657,0.2928904430165032,
3.1034482758620694,0.2551724137931035,0.2927525457827703,
3.1034482758620694,0.2655172413793104,0.2926084260055728,
3.1034482758620694,0.27586206896551724,0.2924580162048741,
3.1034482758620694,0.28620689655172415,0.2923012452106371,
3.1034482758620694,0.29655172413793107,0.2921380380227052,
3.1034482758620694,0.306896551724138,0.2919683156604013,
3.1034482758620694,0.3172413793103449,0.2917919950010803,
3.1034482758620694,0.32758620689655177,0.2916089886068067,
3.1034482758620694,0.33793103448275863,0.2914192045382324,
3.1034482758620694,0.34827586206896555,0.2912225461546657,
3.1034482758620694,0.35862068965517246,0.2910189118992144,
3.1034482758620694,0.3689655172413794,0.2908081950677673,
3.1034482758620694,0.3793103448275863,0.2849850903857903,
3.1034482758620694,0.3896551724137931,0.2726887972686182,
3.1034482758620694,0.4,0.2607963690329909,
3.2758620689655173,0.1,0.3061191193750441,
3.2758620689655173,0.11034482758620691,0.3060753080414826,
3.2758620689655173,0.1206896551724138,0.30602365878271,
3.2758620689655173,0.1310344827586207,0.3059673003890269,
3.2758620689655173,0.1413793103448276,0.3059062174249722,
3.2758620689655173,0.1517241379310345,0.3058403877826788,
3.2758620689655173,0.1620689655172414,0.3057697875225092,
3.2758620689655173,0.1724137931034483,0.3056943908476185,
3.2758620689655173,0.1827586206896552,0.3056141700680843,
3.2758620689655173,0.1931034482758621,0.305529095562051,
3.2758620689655173,0.20344827586206898,0.3054391357337705,
3.2758620689655173,0.2137931034482759,0.3053442569683972,
3.2758620689655173,0.2241379310344828,0.3052444235833853,
3.2758620689655173,0.23448275862068968,0.3051395977763217,
3.2758620689655173,0.24482758620689657,0.3050297395690069,
3.2758620689655173,0.2551724137931035,0.3049148067475915,
3.2758620689655173,0.2655172413793104,0.3047941000671237,
3.2758620689655173,0.27586206896551724,0.3046688738701396,
3.2758620689655173,0.28620689655172415,0.3045384327559155,
3.2758620689655173,0.29655172413793107,0.3044027241613941,
3.2758620689655173,0.306896551724138,0.304261693628667,
3.2758620689655173,0.3172413793103449,0.3041152840085468,
3.2758620689655173,0.32758620689655177,0.3039634353649714,
3.2758620689655173,0.33793103448275863,0.3038060848738633,
3.2758620689655173,0.34827586206896555,0.3036431667152394,
3.2758620689655173,0.35862068965517246,0.3034746119580967,
3.2758620689655173,0.3689655172413794,0.3033003484375718,
3.2758620689655173,0.3793103448275863,0.3031203006238121,
3.2758620689655173,0.3896551724137931,0.3029343894819543,
3.2758620689655173,0.4,0.3027425323225397,
3.4482758620689657,0.1,0.317195269805937,
3.4482758620689657,0.11034482758620691,0.3171581713223788,
3.4482758620689657,0.1206896551724138,0.3171145861083954,
3.4482758620689657,0.1310344827586207,0.3170670371841906,
3.4482758620689657,0.1413793103448276,0.3170155130523479,
3.4482758620689657,0.1517241379310345,0.3169599976955165,
3.4482758620689657,0.1620689655172414,0.3169004737868824,
3.4482758620689657,0.1724137931034483,0.3168369226742139,
3.4482758620689657,0.1827586206896552,0.3167693243580965,
3.4482758620689657,0.1931034482758621,0.3166976574684127,
3.4482758620689657,0.20344827586206898,0.3166218992390151,
3.4482758620689657,0.2137931034482759,0.3165420254805137,
3.4482758620689657,0.2241379310344828,0.3164580105511094,
3.4482758620689657,0.23448275862068968,0.3163698273253853,
3.4482758620689657,0.24482758620689657,0.3162774471609661,
3.4482758620689657,0.2551724137931035,0.3161808398629509,
3.4482758620689657,0.2655172413793104,0.316079973646014,
3.4482758620689657,0.27586206896551724,0.3159748150940551,
3.4482758620689657,0.28620689655172415,0.315865329117282,
3.4482758620689657,0.29655172413793107,0.3157514789065887,
3.4482758620689657,0.306896551724138,0.3156332258850875,
3.4482758620689657,0.3172413793103449,0.3155105296566381,
3.4482758620689657,0.32758620689655177,0.3153833479512074,
3.4482758620689657,0.33793103448275863,0.3152516365668782,
3.4482758620689657,0.34827586206896555,0.3151153493083116,
3.4482758620689657,0.35862068965517246,0.3149744379214486,
3.4482758620689657,0.3689655172413794,0.3148288520242259,
3.4482758620689657,0.3793103448275863,0.3146785390330549,
3.4482758620689657,0.3896551724137931,0.3145234440847935,
3.4482758620689657,0.4,0.3143635099539263,
3.620689655172414,0.1,0.3274837561512695,
3.620689655172414,0.11034482758620691,0.3274531200276291,
3.620689655172414,0.1206896551724138,0.3274154663709784,
3.620689655172414,0.1310344827586207,0.3273750817703355,
3.620689655172414,0.1413793103448276,0.3273313290501219,
3.620689655172414,0.1517241379310345,0.3272841957332204,
3.620689655172414,0.1620689655172414,0.3272336690499661,
3.620689655172414,0.1724137931034483,0.3271797352655359,
3.620689655172414,0.1827586206896552,0.3271223796656128,
3.620689655172414,0.1931034482758621,0.3270615865416758,
3.620689655172414,0.20344827586206898,0.3269973391751978,
3.620689655172414,0.2137931034482759,0.3269296198207042,
3.620689655172414,0.2241379310344828,0.3268584096876554,
3.620689655172414,0.23448275862068968,0.3267836889211126,
3.620689655172414,0.24482758620689657,0.3267054365811347,
3.620689655172414,0.2551724137931035,0.3266236306208622,
3.620689655172414,0.2655172413793104,0.3265382478632278,
3.620689655172414,0.27586206896551724,0.3264492639762437,
3.620689655172414,0.28620689655172415,0.3263566534467922,
3.620689655172414,0.29655172413793107,0.3262603895528634,
3.620689655172414,0.306896551724138,0.3261604443341607,
3.620689655172414,0.3172413793103449,0.3260567885609977,
3.620689655172414,0.32758620689655177,0.3259493917014069,
3.620689655172414,0.33793103448275863,0.3258382218863657,
3.620689655172414,0.34827586206896555,0.3257232458730477,
3.620689655172414,0.35862068965517246,0.3256044290059941,
3.620689655172414,0.3689655172413794,0.3254817351760936,
3.620689655172414,0.3793103448275863,0.3253551267772555,
3.620689655172414,0.3896551724137931,0.3252245646606436,
3.620689655172414,0.4,0.3250900080863344,
3.793103448275862,0.1,0.337043487413723,
3.793103448275862,0.11034482758620691,0.3370176269536406,
3.793103448275862,0.1206896551724138,0.3369859921898979,
3.793103448275862,0.1310344827586207,0.3369514882790818,
3.793103448275862,0.1413793103448276,0.3369141111390103,
3.793103448275862,0.1517241379310345,0.3368738519253031,
3.793103448275862,0.1620689655172414,0.3368307010794934,
3.793103448275862,0.1724137931034483,0.3367846483265722,
3.793103448275862,0.1827586206896552,0.3367356826662112,
3.793103448275862,0.1931034482758621,0.3366837923633094,
3.793103448275862,0.20344827586206898,0.3366289649378478,
3.793103448275862,0.2137931034482759,0.3365711871540352,
3.793103448275862,0.2241379310344828,0.3365104450087221,
3.793103448275862,0.23448275862068968,0.3364467237190602,
3.793103448275862,0.24482758620689657,0.3363800077093806,
3.793103448275862,0.2551724137931035,0.336310280597266,
3.793103448275862,0.2655172413793104,0.3362375251787849,
3.793103448275862,0.27586206896551724,0.336161723412859,
3.793103448275862,0.28620689655172415,0.336082856404732,
3.793103448275862,0.29655172413793107,0.3360009043884961,
3.793103448275862,0.306896551724138,0.3359158467086507,
3.793103448275862,0.3172413793103449,0.3358276618006421,
3.793103448275862,0.32758620689655177,0.3357363271703444,
3.793103448275862,0.33793103448275863,0.3356418193724355,
3.793103448275862,0.34827586206896555,0.3355441139876191,
3.793103448275862,0.35862068965517246,0.335443185598637,
3.793103448275862,0.3689655172413794,0.33533837263364,
3.793103448275862,0.3793103448275863,0.3352309115747278,
3.793103448275862,0.3896551724137931,0.3351201454456472,
3.793103448275862,0.4,0.3350060439516895,
3.9655172413793105,0.1,0.3459304168391582,
3.9655172413793105,0.11034482758620691,0.3459079525982932,
3.9655172413793105,0.1206896551724138,0.3458807679349171,
3.9655172413793105,0.1310344827586207,0.3458511217721756,
3.9655172413793105,0.1413793103448276,0.3458190105806145,
3.9655172413793105,0.1517241379310345,0.3457844276396163,
3.9655172413793105,0.1620689655172414,0.3457473656907166,
3.9655172413793105,0.1724137931034483,0.3457078169353648,
3.9655172413793105,0.1827586206896552,0.3456657730291286,
3.9655172413793105,0.1931034482758621,0.3456212250754568,
3.9655172413793105,0.20344827586206898,0.3455741636190016,
3.9655172413793105,0.2137931034482759,0.3455245786384785,
3.9655172413793105,0.2241379310344828,0.3454724595390616,
3.9655172413793105,0.23448275862068968,0.3454177951442924,
3.9655172413793105,0.24482758620689657,0.3453605736874943,
3.9655172413793105,0.2551724137931035,0.3453007828026728,
3.9655172413793105,0.2655172413793104,0.34523840951489,
3.9655172413793105,0.27586206896551724,0.3451734402300901,
3.9655172413793105,0.28620689655172415,0.3451058607243646,
3.9655172413793105,0.29655172413793107,0.3450356561326307,
3.9655172413793105,0.306896551724138,0.3449628109367049,
3.9655172413793105,0.3172413793103449,0.3448873089527517,
3.9655172413793105,0.32758620689655177,0.3448091333180779,
3.9655172413793105,0.33793103448275863,0.3447282664772524,
3.9655172413793105,0.34827586206896555,0.3446446901675231,
3.9655172413793105,0.35862068965517246,0.3445583854034979,
3.9655172413793105,0.3689655172413794,0.3444693324610682,
3.9655172413793105,0.3793103448275863,0.3443775108605333,
3.9655172413793105,0.3896551724137931,0.3442828993488958,
3.9655172413793105,0.4,0.3441854758812927,
4.137931034482759,0.1,0.3541951700311124,
4.137931034482759,0.11034482758620691,0.3541760832945414,
4.137931034482759,0.1206896551724138,0.3541526042349366,
4.137931034482759,0.1310344827586207,0.3541270015149224,
4.137931034482759,0.1413793103448276,0.3540992726301578,
4.137931034482759,0.1517241379310345,0.3540694124102244,
4.137931034482759,0.1620689655172414,0.3540374152733031,
4.137931034482759,0.1724137931034483,0.354003275224797,
4.137931034482759,0.1827586206896552,0.3539669858534205,
4.137931034482759,0.1931034482758621,0.3539285403269944,
4.137931034482759,0.20344827586206898,0.3538879313879503,
4.137931034482759,0.2137931034482759,0.3538451513485273,
4.137931034482759,0.2241379310344828,0.3538001920856663,
4.137931034482759,0.23448275862068968,0.3537530450355806,
4.137931034482759,0.24482758620689657,0.353703701188005,
4.137931034482759,0.2551724137931035,0.3536521510801096,
4.137931034482759,0.2655172413793104,0.3535983847900704,
4.137931034482759,0.27586206896551724,0.3535423919302862,
4.137931034482759,0.28620689655172415,0.3534841616402318,
4.137931034482759,0.29655172413793107,0.3534236825789346,
4.137931034482759,0.306896551724138,0.3533609429170637,
4.137931034482759,0.3172413793103449,0.3532959303286208,
4.137931034482759,0.32758620689655177,0.3532286319822141,
4.137931034482759,0.33793103448275863,0.3531590345319048,
4.137931034482759,0.34827586206896555,0.3530871241076126,
4.137931034482759,0.35862068965517246,0.3530128863050576,
4.137931034482759,0.3689655172413794,0.352936306175227,
4.137931034482759,0.3793103448275863,0.3528573682133488,
4.137931034482759,0.3896551724137931,0.3527760563473475,
4.137931034482759,0.4,0.3526923539257678,
4.310344827586207,0.1,0.3618871674386315,
4.310344827586207,0.11034482758620691,0.3618709826925013,
4.310344827586207,0.1206896551724138,0.3618506111238457,
4.310344827586207,0.1310344827586207,0.3618283970872814,
4.310344827586207,0.1413793103448276,0.3618043401630929,
4.310344827586207,0.1517241379310345,0.3617784363321329,
4.310344827586207,0.1620689655172414,0.3617506812537756,
4.310344827586207,0.1724137931034483,0.3617210702680198,
4.310344827586207,0.1827586206896552,0.361689598392804,
4.310344827586207,0.1931034482758621,0.3616562603211179,
4.310344827586207,0.20344827586206898,0.361621050417916,
4.310344827586207,0.2137931034482759,0.3615839627168221,
4.310344827586207,0.2241379310344828,0.3615449909166329,
4.310344827586207,0.23448275862068968,0.3615041283776,
4.310344827586207,0.24482758620689657,0.3614613681175003,
4.310344827586207,0.2551724137931035,0.3614167028074797,
4.310344827586207,0.2655172413793104,0.3613701247676682,
4.310344827586207,0.27586206896551724,0.3613216259625613,
4.310344827586207,0.28620689655172415,0.3612711979961594,
4.310344827586207,0.29655172413793107,0.3612182241204714,
4.310344827586207,0.306896551724138,0.3611639076789364,
4.310344827586207,0.3172413793103449,0.3611076351217949,
4.310344827586207,0.32758620689655177,0.3610493960221435,
4.310344827586207,0.33793103448275863,0.3609891800974001,
4.310344827586207,0.34827586206896555,0.3609269766702556,
4.310344827586207,0.35862068965517246,0.3608627746614355,
4.310344827586207,0.3689655172413794,0.3607965625826298,
4.310344827586207,0.3793103448275863,0.3607283285291006,
4.310344827586207,0.3896551724137931,0.3606580601719654,
4.310344827586207,0.4,0.3605857447501369,
4.482758620689656,0.1,0.3690500766526191,
4.482758620689656,0.11034482758620691,0.3690362983625369,
4.482758620689656,0.1206896551724138,0.3690185421706123,
4.482758620689656,0.1310344827586207,0.368999181291592,
4.482758620689656,0.1413793103448276,0.3689782156800469,
4.482758620689656,0.1517241379310345,0.3689556421763128,
4.482758620689656,0.1620689655172414,0.3689314573691085,
4.482758620689656,0.1724137931034483,0.3689056575972504,
4.482758620689656,0.1827586206896552,0.3688782389477711,
4.482758620689656,0.1931034482758621,0.3688491972538999,
4.482758620689656,0.20344827586206898,0.3688185280929031,
4.482758620689656,0.2137931034482759,0.3687862267837837,
4.482758620689656,0.2241379310344828,0.3687522883848385,
4.482758620689656,0.23448275862068968,0.3687167076910679,
4.482758620689656,0.24482758620689657,0.3686794792314364,
4.482758620689656,0.2551724137931035,0.3686405972659812,
4.482758620689656,0.2655172413793104,0.3686000557827625,
4.482758620689656,0.27586206896551724,0.368557848494657,
4.482758620689656,0.28620689655172415,0.3685139688359852,
4.482758620689656,0.29655172413793107,0.368468409958973,
4.482758620689656,0.306896551724138,0.3684211647300384,
4.482758620689656,0.3172413793103449,0.3683722257259047,
4.482758620689656,0.32758620689655177,0.3683215852295301,
4.482758620689656,0.33793103448275863,0.3682692352258518,
4.482758620689656,0.34827586206896555,0.3682151673973361,
4.482758620689656,0.35862068965517246,0.3681593731193346,
4.482758620689656,0.3689655172413794,0.3681018434552323,
4.482758620689656,0.3793103448275863,0.3680425691513892,
4.482758620689656,0.3896551724137931,0.3679815406318646,
4.482758620689656,0.4,0.3679187479929156,
4.655172413793104,0.1,0.3757263187280155,
4.655172413793104,0.11034482758620691,0.3757141060646377,
4.655172413793104,0.1206896551724138,0.3756985649852835,
4.655172413793104,0.1310344827586207,0.3756816208823943,
4.655172413793104,0.1413793103448276,0.3756632734575857,
4.655172413793104,0.1517241379310345,0.3756435202029306,
4.655172413793104,0.1620689655172414,0.3756223584121176,
4.655172413793104,0.1724137931034483,0.3755997851813137,
4.655172413793104,0.1827586206896552,0.3755757974078239,
4.655172413793104,0.1931034482758621,0.3755503917886566,
4.655172413793104,0.20344827586206898,0.3755235648189877,
4.655172413793104,0.2137931034482759,0.3754953127905292,
4.655172413793104,0.2241379310344828,0.3754656317897944,
4.655172413793104,0.23448275862068968,0.375434517696262,
4.655172413793104,0.24482758620689657,0.3754019661804363,
4.655172413793104,0.2551724137931035,0.3753679727017997,
4.655172413793104,0.2655172413793104,0.375332532506657,
4.655172413793104,0.27586206896551724,0.3752956406258695,
4.655172413793104,0.28620689655172415,0.3752572918724758,
4.655172413793104,0.29655172413793107,0.3752174808391945,
4.655172413793104,0.306896551724138,0.3751762018958122,
4.655172413793104,0.3172413793103449,0.3751334491864466,
4.655172413793104,0.32758620689655177,0.3750892166266873,
4.655172413793104,0.33793103448275863,0.3750434979006067,
4.655172413793104,0.34827586206896555,0.3749962864576434,
4.655172413793104,0.35862068965517246,0.3749475755093485,
4.655172413793104,0.3689655172413794,0.3748973580259944,
4.655172413793104,0.3793103448275863,0.3748456267330401,
4.655172413793104,0.3896551724137931,0.3747923741074556,
4.655172413793104,0.4,0.3747375923738893,
4.827586206896552,0.1,0.381952944475255,
4.827586206896552,0.11034482758620691,0.3819425700165374,
4.827586206896552,0.1206896551724138,0.3819289153795826,
4.827586206896552,0.1310344827586207,0.3819140286347962,
4.827586206896552,0.1413793103448276,0.3818979097923603,
4.827586206896552,0.1517241379310345,0.3818805568449311,
4.827586206896552,0.1620689655172414,0.3818619676268098,
4.827586206896552,0.1724137931034483,0.3818421398147344,
4.827586206896552,0.1827586206896552,0.3818210709269145,
4.827586206896552,0.1931034482758621,0.3817987583219948,
4.827586206896552,0.20344827586206898,0.3817751991979483,
4.827586206896552,0.2137931034482759,0.3817503905909007,
4.827586206896552,0.2241379310344828,0.381724329373881,
4.827586206896552,0.23448275862068968,0.3816970122555017,
4.827586206896552,0.24482758620689657,0.3816684357785611,
4.827586206896552,0.2551724137931035,0.3816385963185754,
4.827586206896552,0.2655172413793104,0.3816074900822281,
4.827586206896552,0.27586206896551724,0.3815751131057453,
4.827586206896552,0.28620689655172415,0.3815414612531902,
4.827586206896552,0.29655172413793107,0.3815065302146752,
4.827586206896552,0.306896551724138,0.38147031550449,
4.827586206896552,0.3172413793103449,0.3814328124591478,
4.827586206896552,0.32758620689655177,0.3813940162353415,
4.827586206896552,0.33793103448275863,0.3813539218078116,
4.827586206896552,0.34827586206896555,0.3813125239671248,
4.827586206896552,0.35862068965517246,0.3812698173173558,
4.827586206896552,0.3689655172413794,0.3812257962736767,
4.827586206896552,0.3793103448275863,0.3811804550598475,
4.827586206896552,0.3896551724137931,0.3811337877056032,
4.827586206896552,0.4,0.3810857880439433,
5.0,0.1,0.3877660701760799,
5.0,0.11034482758620691,0.3877567863902518,
5.0,0.1206896551724138,0.3877447448598916,
5.0,0.1310344827586207,0.3877316176696153,
5.0,0.1413793103448276,0.3877174046508602,
5.0,0.1517241379310345,0.3877021041837901,
5.0,0.1620689655172414,0.3876857145214254,
5.0,0.1724137931034483,0.3876682337900373,
5.0,0.1827586206896552,0.3876496599884403,
5.0,0.1931034482758621,0.3876299909872345,
5.0,0.20344827586206898,0.3876092245279982,
5.0,0.2137931034482759,0.3875873582224277,
5.0,0.2241379310344828,0.3875643895514278,
5.0,0.23448275862068968,0.3875403158641451,
5.0,0.24482758620689657,0.3875151343769535,
5.0,0.2551724137931035,0.3874888421723801,
5.0,0.2655172413793104,0.3874614361979811,
5.0,0.27586206896551724,0.3874329132651564,
5.0,0.28620689655172415,0.3874032700479096,
5.0,0.29655172413793107,0.3873725030815495,
5.0,0.306896551724138,0.3873406087613325,
5.0,0.3172413793103449,0.3873075833410435,
5.0,0.32758620689655177,0.3872734229315143,
5.0,0.33793103448275863,0.3872381234990817,
5.0,0.34827586206896555,0.3872016808639764,
5.0,0.35862068965517246,0.3871640906986524,
5.0,0.3689655172413794,0.3871253485260417,
5.0,0.3793103448275863,0.3870854497177452,
5.0,0.3896551724137931,0.3870443894921499,
5.0,0.4,0.3870021629124768,
